rep,per_array_mb,total_footprint_mb,n_kernels,bw_sustained_gbs,bw_mean_gbs,bw_median_gbs,bw_best_gbs,bw_worst_gbs,pct_peak_sustained
1,2,6,800,191.44,191.44,192.00,199.40,145.96,93.5
1,4,12,476,174.57,174.57,175.15,179.39,152.47,85.2
1,8,24,238,179.47,179.47,179.43,184.22,163.02,87.6
1,16,48,140,185.44,185.44,186.51,187.96,174.92,90.5
1,24,72,140,186.80,186.80,187.75,189.20,175.97,91.2
1,32,96,140,188.68,188.68,189.87,190.78,178.78,92.1
1,48,144,140,187.16,187.16,188.77,189.97,175.87,91.4
1,64,192,140,185.49,185.49,186.40,188.03,176.67,90.6
1,85,255,140,184.08,184.08,185.14,186.91,176.95,89.9
1,96,288,140,182.06,182.06,182.58,185.60,176.58,88.9
1,128,384,140,182.32,182.32,183.46,184.71,176.14,89.0
1,170,510,140,181.92,181.92,182.97,184.30,175.89,88.8
1,256,768,140,179.59,179.59,180.47,181.80,174.90,87.7
1,341,1023,140,178.41,178.41,179.55,180.55,174.00,87.1
1,512,1536,140,177.33,177.33,178.24,179.28,172.89,86.6
1,1024,3072,140,177.07,177.07,177.24,178.36,173.86,86.5
1,2048,6144,140,175.17,175.17,175.57,177.52,169.55,85.5
2,2,6,800,160.62,160.62,160.76,167.33,94.16,78.4
2,4,12,476,172.47,172.47,172.54,178.65,132.66,84.2
2,8,24,238,177.62,177.62,177.93,180.83,154.05,86.7
2,16,48,140,182.27,182.27,182.36,185.74,167.61,89.0
2,24,72,140,180.91,180.91,181.02,185.49,173.84,88.3
2,32,96,140,183.21,183.21,183.46,187.06,175.32,89.5
2,48,144,140,184.04,184.04,183.18,189.15,176.39,89.9
2,64,192,140,186.65,186.65,187.79,189.11,177.67,91.1
2,85,255,140,185.60,185.60,186.64,188.64,178.32,90.6
2,96,288,140,183.95,183.95,184.92,186.89,176.86,89.8
2,128,384,140,182.11,182.11,183.25,184.90,175.58,88.9
2,170,510,140,181.01,181.01,181.34,184.31,174.61,88.4
2,256,768,140,181.16,181.16,182.07,183.47,176.05,88.5
2,341,1023,140,178.07,178.07,179.15,180.24,173.12,86.9
2,512,1536,140,177.66,177.66,178.48,179.73,173.71,86.7
2,1024,3072,140,176.39,176.39,176.78,177.85,172.28,86.1
2,2048,6144,140,175.72,175.72,175.98,177.88,171.83,85.8
3,2,6,800,160.69,160.69,160.89,166.90,106.62,78.5
3,4,12,476,170.04,170.04,170.59,174.38,100.31,83.0
3,8,24,238,176.72,176.72,176.73,180.50,156.78,86.3
3,16,48,140,182.03,182.03,182.21,185.61,168.01,88.9
3,24,72,140,183.12,183.12,183.25,187.84,170.38,89.4
3,32,96,140,188.39,188.39,189.41,191.80,176.61,92.0
3,48,144,140,185.79,185.79,186.78,188.11,177.53,90.7
3,64,192,140,184.73,184.73,185.93,187.83,176.38,90.2
3,85,255,140,187.58,187.58,188.88,191.52,178.11,91.6
3,96,288,140,184.25,184.25,185.55,187.04,176.97,90.0
3,128,384,140,181.76,181.76,182.64,184.19,174.96,88.7
3,170,510,140,181.39,181.39,181.73,184.73,177.62,88.6
3,256,768,140,178.54,178.54,179.52,181.17,167.11,87.2
3,341,1023,140,178.06,178.06,179.04,180.41,171.96,86.9
3,512,1536,140,177.60,177.60,178.59,179.79,171.38,86.7
3,1024,3072,140,176.23,176.23,176.63,177.97,172.39,86.0
3,2048,6144,140,175.46,175.46,175.60,177.78,171.03,85.7
4,2,6,800,158.93,158.93,159.45,162.89,101.45,77.6
4,4,12,476,172.45,172.45,172.46,179.80,140.48,84.2
4,8,24,238,177.48,177.48,177.28,183.10,167.36,86.7
4,16,48,140,180.22,180.22,180.31,182.38,171.52,88.0
4,24,72,140,180.55,180.55,180.87,185.87,174.96,88.2
4,32,96,140,179.91,179.91,179.95,182.09,174.13,87.8
4,48,144,140,178.53,178.53,178.42,181.98,172.56,87.2
4,64,192,140,183.30,183.30,184.01,187.13,175.61,89.5
4,85,255,140,183.13,183.13,182.65,186.65,178.79,89.4
4,96,288,140,182.98,182.98,183.81,185.97,178.54,89.3
4,128,384,140,182.09,182.09,182.97,184.90,173.77,88.9
4,170,510,140,181.99,181.99,183.48,184.68,174.25,88.9
4,256,768,140,177.39,177.39,176.82,181.65,172.53,86.6
4,341,1023,140,177.41,177.41,178.46,179.81,172.90,86.6
4,512,1536,140,176.91,176.91,178.00,179.25,170.82,86.4
4,1024,3072,140,176.13,176.13,176.83,178.12,169.75,86.0
4,2048,6144,140,175.75,175.75,176.02,177.48,168.85,85.8
5,2,6,800,159.95,159.95,160.10,163.70,114.71,78.1
5,4,12,476,173.69,173.69,173.76,178.17,145.21,84.8
5,8,24,238,180.20,180.20,180.33,184.78,166.12,88.0
5,16,48,140,183.55,183.55,183.83,187.92,170.02,89.6
5,24,72,140,182.93,182.93,183.12,184.52,172.34,89.3
5,32,96,140,182.94,182.94,183.04,186.82,178.27,89.3
5,48,144,140,182.75,182.75,182.81,187.08,174.90,89.2
5,64,192,140,187.11,187.11,188.07,190.58,178.02,91.4
5,85,255,140,184.49,184.49,185.48,187.54,179.33,90.1
5,96,288,140,179.21,179.21,179.35,184.41,169.31,87.5
5,128,384,140,181.28,181.28,182.94,184.37,174.35,88.5
5,170,510,140,182.18,182.18,183.35,184.18,175.78,89.0
5,256,768,140,181.76,181.76,182.79,183.82,176.82,88.7
5,341,1023,140,178.10,178.10,179.19,180.36,173.71,87.0
5,512,1536,140,177.18,177.18,178.02,179.31,173.22,86.5
5,1024,3072,140,177.11,177.11,177.44,178.88,172.08,86.5
5,2048,6144,140,175.85,175.85,176.04,177.66,171.30,85.9
6,2,6,800,159.99,159.99,160.10,165.91,117.24,78.1
6,4,12,476,173.77,173.77,173.99,179.55,145.42,84.9
6,8,24,238,174.60,174.60,177.68,180.58,131.89,85.3
6,16,48,140,184.46,184.46,184.44,188.86,170.85,90.1
6,24,72,140,182.89,182.89,182.99,187.19,172.85,89.3
6,32,96,140,185.81,185.81,185.91,190.07,179.54,90.7
6,48,144,140,189.13,189.13,189.78,192.40,180.01,92.3
6,64,192,140,185.55,185.55,185.09,189.47,175.97,90.6
6,85,255,140,183.45,183.45,184.68,185.66,177.00,89.6
6,96,288,140,183.24,183.24,184.44,185.34,174.19,89.5
6,128,384,140,183.07,183.07,184.41,185.09,176.90,89.4
6,170,510,140,182.14,182.14,183.32,183.98,176.42,88.9
6,256,768,140,179.16,179.16,180.29,181.58,172.16,87.5
6,341,1023,140,178.15,178.15,179.34,180.18,172.16,87.0
6,512,1536,140,177.21,177.21,178.23,179.15,173.05,86.5
6,1024,3072,140,176.88,176.88,177.16,178.20,171.65,86.4
6,2048,6144,140,176.20,176.20,176.22,177.72,173.16,86.0
7,2,6,800,159.39,159.39,159.58,163.84,112.09,77.8
7,4,12,476,173.36,173.36,173.45,178.57,152.41,84.6
7,8,24,238,179.45,179.45,179.63,183.10,166.30,87.6
7,16,48,140,182.82,182.82,182.95,187.94,172.27,89.3
7,24,72,140,183.85,183.85,183.83,187.89,175.91,89.8
7,32,96,140,185.73,185.73,185.85,189.10,176.34,90.7
7,48,144,140,186.57,186.57,187.93,189.62,175.97,91.1
7,64,192,140,184.10,184.10,185.27,187.19,178.36,89.9
7,85,255,140,185.13,185.13,185.97,187.37,178.41,90.4
7,96,288,140,182.79,182.79,184.13,185.49,176.12,89.3
7,128,384,140,182.24,182.24,183.23,184.22,176.78,89.0
7,170,510,140,182.21,182.21,182.96,184.76,177.59,89.0
7,256,768,140,180.95,180.95,181.92,182.95,176.87,88.4
7,341,1023,140,178.61,178.61,179.63,180.47,172.93,87.2
7,512,1536,140,176.64,176.64,178.10,179.34,170.28,86.2
7,1024,3072,140,176.31,176.31,177.08,178.30,170.62,86.1
7,2048,6144,140,175.95,175.95,176.07,177.63,170.74,85.9
8,2,6,800,159.59,159.59,159.84,164.80,116.54,77.9
8,4,12,476,173.66,173.66,173.68,179.71,151.30,84.8
8,8,24,238,180.66,180.66,180.79,184.87,168.73,88.2
8,16,48,140,184.27,184.27,184.33,188.98,172.10,90.0
8,24,72,140,186.23,186.23,186.43,190.47,174.00,90.9
8,32,96,140,184.64,184.64,184.76,189.11,173.46,90.2
8,48,144,140,183.41,183.41,184.91,186.69,174.67,89.6
8,64,192,140,184.46,184.46,185.47,186.27,174.99,90.1
8,85,255,140,184.36,184.36,185.54,186.35,177.01,90.0
8,96,288,140,184.20,184.20,185.57,186.40,175.42,89.9
8,128,384,140,183.10,183.10,184.37,184.99,177.69,89.4
8,170,510,140,182.39,182.39,183.56,184.21,177.43,89.1
8,256,768,140,181.27,181.27,182.23,183.29,176.37,88.5
8,341,1023,140,178.55,178.55,179.74,180.53,171.15,87.2
8,512,1536,140,177.48,177.48,178.51,179.45,173.09,86.7
8,1024,3072,140,175.98,175.98,176.91,177.97,167.66,85.9
8,2048,6144,140,176.29,176.29,176.23,177.81,173.75,86.1
