timestamp,framework,model,quantization,cache_state,cell_label,task_id,turn_idx,phase,phase_ms,cpu_mw,gpu_mw,dram_mw,total_mw,extra
20260708 04:12:58,sglang,Llama-3.2-1B,fp16,on,swebench_live_sglang_thor,0,0,tokenize_prompt,0.0,0,0,0,0,"{""deferred"": ""server-side"", ""dominant"": ""GPU"", ""cpu_share"": 0.0, ""resource_class"": ""noop"", ""gpu_sat"": false, ""cpu_sat_1core"": false}"
20260708 04:12:58,sglang,Llama-3.2-1B,fp16,on,swebench_live_sglang_thor,0,0,submit_to_engine,0.0,0,0,0,0,"{""deferred"": ""fused into prefill"", ""dominant"": ""GPU"", ""cpu_share"": 0.0, ""resource_class"": ""noop"", ""gpu_sat"": false, ""cpu_sat_1core"": false}"
20260708 04:13:03,sglang,Llama-3.2-1B,fp16,on,swebench_live_sglang_thor,1,0,tokenize_prompt,0.0,0,0,0,0,"{""deferred"": ""server-side"", ""dominant"": ""GPU"", ""cpu_share"": 0.0, ""resource_class"": ""noop"", ""gpu_sat"": false, ""cpu_sat_1core"": false}"
20260708 04:13:03,sglang,Llama-3.2-1B,fp16,on,swebench_live_sglang_thor,1,0,submit_to_engine,0.0,0,0,0,0,"{""deferred"": ""fused into prefill"", ""dominant"": ""GPU"", ""cpu_share"": 0.0, ""resource_class"": ""noop"", ""gpu_sat"": false, ""cpu_sat_1core"": false}"
20260708 04:13:03,sglang,Llama-3.2-1B,fp16,on,swebench_live_sglang_thor,2,0,tokenize_prompt,0.0,0,0,0,0,"{""deferred"": ""server-side"", ""dominant"": ""GPU"", ""cpu_share"": 0.0, ""resource_class"": ""noop"", ""gpu_sat"": false, ""cpu_sat_1core"": false}"
20260708 04:13:03,sglang,Llama-3.2-1B,fp16,on,swebench_live_sglang_thor,2,0,submit_to_engine,0.0,0,0,0,0,"{""deferred"": ""fused into prefill"", ""dominant"": ""GPU"", ""cpu_share"": 0.0, ""resource_class"": ""noop"", ""gpu_sat"": false, ""cpu_sat_1core"": false}"
20260708 04:13:03,sglang,Llama-3.2-1B,fp16,on,swebench_live_sglang_thor,3,0,tokenize_prompt,0.0,0,0,0,0,"{""deferred"": ""server-side"", ""dominant"": ""GPU"", ""cpu_share"": 0.0, ""resource_class"": ""noop"", ""gpu_sat"": false, ""cpu_sat_1core"": false}"
20260708 04:13:03,sglang,Llama-3.2-1B,fp16,on,swebench_live_sglang_thor,3,0,submit_to_engine,0.0,0,0,0,0,"{""deferred"": ""fused into prefill"", ""dominant"": ""GPU"", ""cpu_share"": 0.0, ""resource_class"": ""noop"", ""gpu_sat"": false, ""cpu_sat_1core"": false}"
20260708 04:13:04,sglang,Llama-3.2-1B,fp16,on,swebench_live_sglang_thor,4,0,tokenize_prompt,0.0,0,0,0,0,"{""deferred"": ""server-side"", ""dominant"": ""GPU"", ""cpu_share"": 0.0, ""resource_class"": ""noop"", ""gpu_sat"": false, ""cpu_sat_1core"": false}"
20260708 04:13:04,sglang,Llama-3.2-1B,fp16,on,swebench_live_sglang_thor,4,0,submit_to_engine,0.0,0,0,0,0,"{""deferred"": ""fused into prefill"", ""dominant"": ""GPU"", ""cpu_share"": 0.0, ""resource_class"": ""noop"", ""gpu_sat"": false, ""cpu_sat_1core"": false}"
20260708 04:13:04,sglang,Llama-3.2-1B,fp16,on,swebench_live_sglang_thor,5,0,tokenize_prompt,0.0,0,0,0,0,"{""deferred"": ""server-side"", ""dominant"": ""GPU"", ""cpu_share"": 0.0, ""resource_class"": ""noop"", ""gpu_sat"": false, ""cpu_sat_1core"": false}"
20260708 04:13:04,sglang,Llama-3.2-1B,fp16,on,swebench_live_sglang_thor,5,0,submit_to_engine,0.0,0,0,0,0,"{""deferred"": ""fused into prefill"", ""dominant"": ""GPU"", ""cpu_share"": 0.0, ""resource_class"": ""noop"", ""gpu_sat"": false, ""cpu_sat_1core"": false}"
20260708 04:13:04,sglang,Llama-3.2-1B,fp16,on,swebench_live_sglang_thor,6,0,tokenize_prompt,0.0,0,0,0,0,"{""deferred"": ""server-side"", ""dominant"": ""GPU"", ""cpu_share"": 0.0, ""resource_class"": ""noop"", ""gpu_sat"": false, ""cpu_sat_1core"": false}"
20260708 04:13:04,sglang,Llama-3.2-1B,fp16,on,swebench_live_sglang_thor,6,0,submit_to_engine,0.0,0,0,0,0,"{""deferred"": ""fused into prefill"", ""dominant"": ""GPU"", ""cpu_share"": 0.0, ""resource_class"": ""noop"", ""gpu_sat"": false, ""cpu_sat_1core"": false}"
20260708 04:13:04,sglang,Llama-3.2-1B,fp16,on,swebench_live_sglang_thor,7,0,tokenize_prompt,0.0,0,0,0,0,"{""deferred"": ""server-side"", ""dominant"": ""GPU"", ""cpu_share"": 0.0, ""resource_class"": ""noop"", ""gpu_sat"": false, ""cpu_sat_1core"": false}"
20260708 04:13:04,sglang,Llama-3.2-1B,fp16,on,swebench_live_sglang_thor,7,0,submit_to_engine,0.0,0,0,0,0,"{""deferred"": ""fused into prefill"", ""dominant"": ""GPU"", ""cpu_share"": 0.0, ""resource_class"": ""noop"", ""gpu_sat"": false, ""cpu_sat_1core"": false}"
20260708 04:13:04,sglang,Llama-3.2-1B,fp16,on,swebench_live_sglang_thor,8,0,tokenize_prompt,0.0,0,0,0,0,"{""deferred"": ""server-side"", ""dominant"": ""GPU"", ""cpu_share"": 0.0, ""resource_class"": ""noop"", ""gpu_sat"": false, ""cpu_sat_1core"": false}"
20260708 04:13:04,sglang,Llama-3.2-1B,fp16,on,swebench_live_sglang_thor,8,0,submit_to_engine,0.0,0,0,0,0,"{""deferred"": ""fused into prefill"", ""dominant"": ""GPU"", ""cpu_share"": 0.0, ""resource_class"": ""noop"", ""gpu_sat"": false, ""cpu_sat_1core"": false}"
20260708 04:13:05,sglang,Llama-3.2-1B,fp16,on,swebench_live_sglang_thor,9,0,tokenize_prompt,0.0,0,0,0,0,"{""deferred"": ""server-side"", ""dominant"": ""GPU"", ""cpu_share"": 0.0, ""resource_class"": ""noop"", ""gpu_sat"": false, ""cpu_sat_1core"": false}"
20260708 04:13:05,sglang,Llama-3.2-1B,fp16,on,swebench_live_sglang_thor,9,0,submit_to_engine,0.0,0,0,0,0,"{""deferred"": ""fused into prefill"", ""dominant"": ""GPU"", ""cpu_share"": 0.0, ""resource_class"": ""noop"", ""gpu_sat"": false, ""cpu_sat_1core"": false}"
20260708 04:13:05,sglang,Llama-3.2-1B,fp16,on,swebench_live_sglang_thor,10,0,tokenize_prompt,0.0,0,0,0,0,"{""deferred"": ""server-side"", ""dominant"": ""GPU"", ""cpu_share"": 0.0, ""resource_class"": ""noop"", ""gpu_sat"": false, ""cpu_sat_1core"": false}"
20260708 04:13:05,sglang,Llama-3.2-1B,fp16,on,swebench_live_sglang_thor,10,0,submit_to_engine,0.0,0,0,0,0,"{""deferred"": ""fused into prefill"", ""dominant"": ""GPU"", ""cpu_share"": 0.0, ""resource_class"": ""noop"", ""gpu_sat"": false, ""cpu_sat_1core"": false}"
20260708 04:13:05,sglang,Llama-3.2-1B,fp16,on,swebench_live_sglang_thor,11,0,tokenize_prompt,0.0,0,0,0,0,"{""deferred"": ""server-side"", ""dominant"": ""GPU"", ""cpu_share"": 0.0, ""resource_class"": ""noop"", ""gpu_sat"": false, ""cpu_sat_1core"": false}"
20260708 04:13:05,sglang,Llama-3.2-1B,fp16,on,swebench_live_sglang_thor,11,0,submit_to_engine,0.0,0,0,0,0,"{""deferred"": ""fused into prefill"", ""dominant"": ""GPU"", ""cpu_share"": 0.0, ""resource_class"": ""noop"", ""gpu_sat"": false, ""cpu_sat_1core"": false}"
20260708 04:13:05,sglang,Llama-3.2-1B,fp16,on,swebench_live_sglang_thor,12,0,tokenize_prompt,0.0,0,0,0,0,"{""deferred"": ""server-side"", ""dominant"": ""GPU"", ""cpu_share"": 0.0, ""resource_class"": ""noop"", ""gpu_sat"": false, ""cpu_sat_1core"": false}"
20260708 04:13:05,sglang,Llama-3.2-1B,fp16,on,swebench_live_sglang_thor,12,0,submit_to_engine,0.0,0,0,0,0,"{""deferred"": ""fused into prefill"", ""dominant"": ""GPU"", ""cpu_share"": 0.0, ""resource_class"": ""noop"", ""gpu_sat"": false, ""cpu_sat_1core"": false}"
20260708 04:13:05,sglang,Llama-3.2-1B,fp16,on,swebench_live_sglang_thor,13,0,tokenize_prompt,0.0,0,0,0,0,"{""deferred"": ""server-side"", ""dominant"": ""GPU"", ""cpu_share"": 0.0, ""resource_class"": ""noop"", ""gpu_sat"": false, ""cpu_sat_1core"": false}"
20260708 04:13:05,sglang,Llama-3.2-1B,fp16,on,swebench_live_sglang_thor,13,0,submit_to_engine,0.0,0,0,0,0,"{""deferred"": ""fused into prefill"", ""dominant"": ""GPU"", ""cpu_share"": 0.0, ""resource_class"": ""noop"", ""gpu_sat"": false, ""cpu_sat_1core"": false}"
20260708 04:13:05,sglang,Llama-3.2-1B,fp16,on,swebench_live_sglang_thor,14,0,tokenize_prompt,0.0,0,0,0,0,"{""deferred"": ""server-side"", ""dominant"": ""GPU"", ""cpu_share"": 0.0, ""resource_class"": ""noop"", ""gpu_sat"": false, ""cpu_sat_1core"": false}"
20260708 04:13:05,sglang,Llama-3.2-1B,fp16,on,swebench_live_sglang_thor,14,0,submit_to_engine,0.0,0,0,0,0,"{""deferred"": ""fused into prefill"", ""dominant"": ""GPU"", ""cpu_share"": 0.0, ""resource_class"": ""noop"", ""gpu_sat"": false, ""cpu_sat_1core"": false}"
20260708 04:13:06,sglang,Llama-3.2-1B,fp16,on,swebench_live_sglang_thor,15,0,tokenize_prompt,0.0,0,0,0,0,"{""deferred"": ""server-side"", ""dominant"": ""GPU"", ""cpu_share"": 0.0, ""resource_class"": ""noop"", ""gpu_sat"": false, ""cpu_sat_1core"": false}"
20260708 04:13:06,sglang,Llama-3.2-1B,fp16,on,swebench_live_sglang_thor,15,0,submit_to_engine,0.0,0,0,0,0,"{""deferred"": ""fused into prefill"", ""dominant"": ""GPU"", ""cpu_share"": 0.0, ""resource_class"": ""noop"", ""gpu_sat"": false, ""cpu_sat_1core"": false}"
20260708 04:13:06,sglang,Llama-3.2-1B,fp16,on,swebench_live_sglang_thor,16,0,tokenize_prompt,0.0,0,0,0,0,"{""deferred"": ""server-side"", ""dominant"": ""GPU"", ""cpu_share"": 0.0, ""resource_class"": ""noop"", ""gpu_sat"": false, ""cpu_sat_1core"": false}"
20260708 04:13:06,sglang,Llama-3.2-1B,fp16,on,swebench_live_sglang_thor,16,0,submit_to_engine,0.0,0,0,0,0,"{""deferred"": ""fused into prefill"", ""dominant"": ""GPU"", ""cpu_share"": 0.0, ""resource_class"": ""noop"", ""gpu_sat"": false, ""cpu_sat_1core"": false}"
20260708 04:13:06,sglang,Llama-3.2-1B,fp16,on,swebench_live_sglang_thor,17,0,tokenize_prompt,0.0,0,0,0,0,"{""deferred"": ""server-side"", ""dominant"": ""GPU"", ""cpu_share"": 0.0, ""resource_class"": ""noop"", ""gpu_sat"": false, ""cpu_sat_1core"": false}"
20260708 04:13:06,sglang,Llama-3.2-1B,fp16,on,swebench_live_sglang_thor,17,0,submit_to_engine,0.0,0,0,0,0,"{""deferred"": ""fused into prefill"", ""dominant"": ""GPU"", ""cpu_share"": 0.0, ""resource_class"": ""noop"", ""gpu_sat"": false, ""cpu_sat_1core"": false}"
20260708 04:13:06,sglang,Llama-3.2-1B,fp16,on,swebench_live_sglang_thor,18,0,tokenize_prompt,0.0,0,0,0,0,"{""deferred"": ""server-side"", ""dominant"": ""GPU"", ""cpu_share"": 0.0, ""resource_class"": ""noop"", ""gpu_sat"": false, ""cpu_sat_1core"": false}"
20260708 04:13:06,sglang,Llama-3.2-1B,fp16,on,swebench_live_sglang_thor,18,0,submit_to_engine,0.0,0,0,0,0,"{""deferred"": ""fused into prefill"", ""dominant"": ""GPU"", ""cpu_share"": 0.0, ""resource_class"": ""noop"", ""gpu_sat"": false, ""cpu_sat_1core"": false}"
20260708 04:13:06,sglang,Llama-3.2-1B,fp16,on,swebench_live_sglang_thor,19,0,tokenize_prompt,0.0,0,0,0,0,"{""deferred"": ""server-side"", ""dominant"": ""GPU"", ""cpu_share"": 0.0, ""resource_class"": ""noop"", ""gpu_sat"": false, ""cpu_sat_1core"": false}"
20260708 04:13:06,sglang,Llama-3.2-1B,fp16,on,swebench_live_sglang_thor,19,0,submit_to_engine,0.0,0,0,0,0,"{""deferred"": ""fused into prefill"", ""dominant"": ""GPU"", ""cpu_share"": 0.0, ""resource_class"": ""noop"", ""gpu_sat"": false, ""cpu_sat_1core"": false}"
20260708 04:13:06,sglang,Llama-3.2-1B,fp16,on,swebench_live_sglang_thor,20,0,tokenize_prompt,0.0,0,0,0,0,"{""deferred"": ""server-side"", ""dominant"": ""GPU"", ""cpu_share"": 0.0, ""resource_class"": ""noop"", ""gpu_sat"": false, ""cpu_sat_1core"": false}"
20260708 04:13:06,sglang,Llama-3.2-1B,fp16,on,swebench_live_sglang_thor,20,0,submit_to_engine,0.0,0,0,0,0,"{""deferred"": ""fused into prefill"", ""dominant"": ""GPU"", ""cpu_share"": 0.0, ""resource_class"": ""noop"", ""gpu_sat"": false, ""cpu_sat_1core"": false}"
20260708 04:13:07,sglang,Llama-3.2-1B,fp16,on,swebench_live_sglang_thor,21,0,tokenize_prompt,0.0,0,0,0,0,"{""deferred"": ""server-side"", ""dominant"": ""GPU"", ""cpu_share"": 0.0, ""resource_class"": ""noop"", ""gpu_sat"": false, ""cpu_sat_1core"": false}"
20260708 04:13:07,sglang,Llama-3.2-1B,fp16,on,swebench_live_sglang_thor,21,0,submit_to_engine,0.0,0,0,0,0,"{""deferred"": ""fused into prefill"", ""dominant"": ""GPU"", ""cpu_share"": 0.0, ""resource_class"": ""noop"", ""gpu_sat"": false, ""cpu_sat_1core"": false}"
20260708 04:13:07,sglang,Llama-3.2-1B,fp16,on,swebench_live_sglang_thor,22,0,tokenize_prompt,0.0,0,0,0,0,"{""deferred"": ""server-side"", ""dominant"": ""GPU"", ""cpu_share"": 0.0, ""resource_class"": ""noop"", ""gpu_sat"": false, ""cpu_sat_1core"": false}"
20260708 04:13:07,sglang,Llama-3.2-1B,fp16,on,swebench_live_sglang_thor,22,0,submit_to_engine,0.0,0,0,0,0,"{""deferred"": ""fused into prefill"", ""dominant"": ""GPU"", ""cpu_share"": 0.0, ""resource_class"": ""noop"", ""gpu_sat"": false, ""cpu_sat_1core"": false}"
20260708 04:13:07,sglang,Llama-3.2-1B,fp16,on,swebench_live_sglang_thor,23,0,tokenize_prompt,0.0,0,0,0,0,"{""deferred"": ""server-side"", ""dominant"": ""GPU"", ""cpu_share"": 0.0, ""resource_class"": ""noop"", ""gpu_sat"": false, ""cpu_sat_1core"": false}"
20260708 04:13:07,sglang,Llama-3.2-1B,fp16,on,swebench_live_sglang_thor,23,0,submit_to_engine,0.0,0,0,0,0,"{""deferred"": ""fused into prefill"", ""dominant"": ""GPU"", ""cpu_share"": 0.0, ""resource_class"": ""noop"", ""gpu_sat"": false, ""cpu_sat_1core"": false}"
20260708 04:13:07,sglang,Llama-3.2-1B,fp16,on,swebench_live_sglang_thor,24,0,tokenize_prompt,0.0,0,0,0,0,"{""deferred"": ""server-side"", ""dominant"": ""GPU"", ""cpu_share"": 0.0, ""resource_class"": ""noop"", ""gpu_sat"": false, ""cpu_sat_1core"": false}"
20260708 04:13:07,sglang,Llama-3.2-1B,fp16,on,swebench_live_sglang_thor,24,0,submit_to_engine,0.0,0,0,0,0,"{""deferred"": ""fused into prefill"", ""dominant"": ""GPU"", ""cpu_share"": 0.0, ""resource_class"": ""noop"", ""gpu_sat"": false, ""cpu_sat_1core"": false}"
20260708 04:13:07,sglang,Llama-3.2-1B,fp16,on,swebench_live_sglang_thor,25,0,tokenize_prompt,0.0,0,0,0,0,"{""deferred"": ""server-side"", ""dominant"": ""GPU"", ""cpu_share"": 0.0, ""resource_class"": ""noop"", ""gpu_sat"": false, ""cpu_sat_1core"": false}"
20260708 04:13:07,sglang,Llama-3.2-1B,fp16,on,swebench_live_sglang_thor,25,0,submit_to_engine,0.0,0,0,0,0,"{""deferred"": ""fused into prefill"", ""dominant"": ""GPU"", ""cpu_share"": 0.0, ""resource_class"": ""noop"", ""gpu_sat"": false, ""cpu_sat_1core"": false}"
20260708 04:13:07,sglang,Llama-3.2-1B,fp16,on,swebench_live_sglang_thor,26,0,tokenize_prompt,0.0,0,0,0,0,"{""deferred"": ""server-side"", ""dominant"": ""GPU"", ""cpu_share"": 0.0, ""resource_class"": ""noop"", ""gpu_sat"": false, ""cpu_sat_1core"": false}"
20260708 04:13:07,sglang,Llama-3.2-1B,fp16,on,swebench_live_sglang_thor,26,0,submit_to_engine,0.0,0,0,0,0,"{""deferred"": ""fused into prefill"", ""dominant"": ""GPU"", ""cpu_share"": 0.0, ""resource_class"": ""noop"", ""gpu_sat"": false, ""cpu_sat_1core"": false}"
20260708 04:13:08,sglang,Llama-3.2-1B,fp16,on,swebench_live_sglang_thor,27,0,tokenize_prompt,0.0,0,0,0,0,"{""deferred"": ""server-side"", ""dominant"": ""GPU"", ""cpu_share"": 0.0, ""resource_class"": ""noop"", ""gpu_sat"": false, ""cpu_sat_1core"": false}"
20260708 04:13:08,sglang,Llama-3.2-1B,fp16,on,swebench_live_sglang_thor,27,0,submit_to_engine,0.0,0,0,0,0,"{""deferred"": ""fused into prefill"", ""dominant"": ""GPU"", ""cpu_share"": 0.0, ""resource_class"": ""noop"", ""gpu_sat"": false, ""cpu_sat_1core"": false}"
20260708 04:13:08,sglang,Llama-3.2-1B,fp16,on,swebench_live_sglang_thor,28,0,tokenize_prompt,0.0,0,0,0,0,"{""deferred"": ""server-side"", ""dominant"": ""GPU"", ""cpu_share"": 0.0, ""resource_class"": ""noop"", ""gpu_sat"": false, ""cpu_sat_1core"": false}"
20260708 04:13:08,sglang,Llama-3.2-1B,fp16,on,swebench_live_sglang_thor,28,0,submit_to_engine,0.0,0,0,0,0,"{""deferred"": ""fused into prefill"", ""dominant"": ""GPU"", ""cpu_share"": 0.0, ""resource_class"": ""noop"", ""gpu_sat"": false, ""cpu_sat_1core"": false}"
20260708 04:13:08,sglang,Llama-3.2-1B,fp16,on,swebench_live_sglang_thor,29,0,tokenize_prompt,0.0,0,0,0,0,"{""deferred"": ""server-side"", ""dominant"": ""GPU"", ""cpu_share"": 0.0, ""resource_class"": ""noop"", ""gpu_sat"": false, ""cpu_sat_1core"": false}"
20260708 04:13:08,sglang,Llama-3.2-1B,fp16,on,swebench_live_sglang_thor,29,0,submit_to_engine,0.0,0,0,0,0,"{""deferred"": ""fused into prefill"", ""dominant"": ""GPU"", ""cpu_share"": 0.0, ""resource_class"": ""noop"", ""gpu_sat"": false, ""cpu_sat_1core"": false}"
